,estimate,lowCI,highCI,pVal
Intercept,902540.953295344,-5277034.9396198,7082116.846210489,0.7746173027007955
budget,2.960080182532878,2.857418146916039,3.0627422181497175,0.0
